source_id,fx,fy,fz,slip_system_id,group,theta_deg
0,0.09487110463311144,0.5519971723488907,0.9889942369397746,10,high_schmid,143.40918264643474
1,0.822134749795304,0.9948119474915702,0.09540399067567995,7,high_schmid,151.95138439377342
2,0.022758797899679162,0.36796179260852013,0.06771226198480185,7,high_schmid,72.08477424435584
3,0.7926649247827762,0.46106058188426846,0.13861741756942603,11,zero_schmid,119.2276032226729
4,0.8287740967297598,0.5432268042528409,0.955938493974871,1,high_schmid,51.65999286122647
5,0.16267733848482124,0.3336790546739836,0.9526733791402384,5,zero_schmid,124.88618744302077
6,0.3848730227780013,0.16024625331387765,0.37141314438770756,9,high_schmid,47.88537630588521
7,0.3467812805523599,0.8540110990410386,0.027207586694104946,7,high_schmid,76.38986084157823
8,0.8003084901494995,0.17911385934166213,0.0022806795456780105,8,zero_schmid,122.36824915006683
9,0.46029897494587424,0.6530226229082674,0.8097952233692802,6,high_schmid,126.0968125338405
10,0.7458256680710544,0.534518340994953,0.30749175346867774,3,high_schmid,81.4597270075771
11,0.37805635370810353,0.16543247109972548,0.30484959909442644,0,high_schmid,44.95630555098373
12,0.19819121436078146,0.7018241550554168,0.37823121604830634,10,high_schmid,23.120415538320998
13,0.9068279132406702,0.6381699483148847,0.12158182596950362,0,high_schmid,98.61876219709488
14,0.02483552818574941,0.231433339497519,0.7484879369184995,3,high_schmid,158.89596026019564
15,0.7574253490951621,0.32744105679938584,0.8252783463486288,7,high_schmid,143.5057450024455
16,0.727233474884039,0.6030366474195202,0.16304234703810982,4,high_schmid,124.04444145951733
17,0.8377994363718159,0.60911785285485,0.6350814239996705,4,high_schmid,74.50225701392114
18,0.623822020190329,0.5202876712927139,0.3203866347230181,11,zero_schmid,53.31702063101083
19,0.18473494424834103,0.511287351060704,0.2823796063037354,9,high_schmid,26.813926151311442
20,0.170445217525802,0.5937712392810204,0.07554521978157214,4,high_schmid,31.900464148662316
21,0.9123303689607172,0.856875172562001,0.5313817235733739,1,high_schmid,129.72867869161442
22,0.09777317157043586,0.8906331486841517,0.6191257548107209,0,high_schmid,179.85348260221852
23,0.10365754676116934,0.2217912893224161,0.8844237200895885,0,high_schmid,39.6647780939347
24,0.6766584659337938,0.3870611776322773,0.7079398148539162,1,high_schmid,124.28022139932736
25,0.8973905136918818,0.6790414580141918,0.9471520165836622,10,high_schmid,125.41342441432253
26,0.9741680581415207,0.7292044220030649,0.867428151709968,5,zero_schmid,61.23875997402214
27,0.22182501752966588,0.3259420742895597,0.17673947823369907,7,high_schmid,36.99058138998386
28,0.48349513204513983,0.716940262851217,0.7707423037140828,4,high_schmid,64.2628980337403
29,0.03914596429639361,0.6087181059573629,0.8301054854463861,2,zero_schmid,42.06706313168179
30,0.41142622889469926,0.26114491223916014,0.9776519317153746,10,high_schmid,63.931541562116195
31,0.5706263742073144,0.9314442012017411,0.22448924230305267,9,high_schmid,8.150156528804134
32,0.6969789384610957,0.8946522726755999,0.8976126551648412,9,high_schmid,114.38740850651463
33,0.6155147064947307,0.3006291212508976,0.8555538235703318,8,zero_schmid,75.55465547575528
34,0.11129927577967369,0.3465112734176322,0.64927607168816,1,high_schmid,95.88291240734394
35,0.24359965999249167,0.7248767608917897,0.9077112161596143,0,high_schmid,176.80775297266175
36,0.6008443197101085,0.10562926115859816,0.015423262963895845,3,high_schmid,178.0917308836958
37,0.5759085484655533,0.9448158782512717,0.11133953165347066,5,zero_schmid,37.11319629583204
38,0.1410174328632079,0.34665244484534885,0.016086244351129708,6,high_schmid,112.76437661541634
39,0.6638106652245941,0.6670254417382827,0.6931668519321005,7,high_schmid,142.92949556429187
40,0.3001204597774215,0.22744333442889286,0.16850916188796305,0,high_schmid,156.09425052576083
41,0.5706919060160885,0.28075061252010314,0.2255147428690264,7,high_schmid,5.260707299140224
42,0.5414475962668744,0.20239673360369093,0.4361969986193437,11,zero_schmid,78.49588766143997
43,0.06983145029214455,0.644041702754941,0.5729285501161714,2,zero_schmid,137.22523806191865
44,0.4404802530384422,0.6249622344979859,0.8165014513693278,4,high_schmid,11.008618885144346
45,0.8742437268673294,0.7181763375242639,0.7637367512472713,0,high_schmid,94.16617103387172
46,0.6136727547332702,0.9367060934723419,0.5355445371917822,8,zero_schmid,89.6333858702565
47,0.4692678831859991,0.36868309992667225,0.9687478965353328,7,high_schmid,125.91828965024567
48,0.764721265489021,0.7630721116666773,0.7390099064104024,8,zero_schmid,142.37257352125533
49,0.7491533851895043,0.34207954702062504,0.350229731228619,6,high_schmid,77.49855109001896
50,0.6115812428636126,0.7407730813005712,0.4838586821299137,11,zero_schmid,87.11371611155958
51,0.7571538892025176,0.8818384696370349,0.4467898753526658,10,high_schmid,9.026039604442085
52,0.6722789175789335,0.41438769588570123,0.5700856496887889,1,high_schmid,95.33299437463037
53,0.7837937365034512,0.5698274569334831,0.70165752202006,1,high_schmid,158.86395806312223
54,0.23935906218946057,0.6699617523671039,0.0017525675245781969,4,high_schmid,25.775250784388327
55,0.0947700577603724,0.9753401738898222,0.7297376153750326,5,zero_schmid,54.24019147223929
56,0.7349886342973299,0.539956086867149,0.5610548039429807,6,high_schmid,163.31253291819988
57,0.5302367995871478,0.8480809123818441,0.28899061378105284,9,high_schmid,61.81243176474319
58,0.14253033832265682,0.6037312459668841,0.17658954825615758,1,high_schmid,46.81719287799429
59,0.45221024867966764,0.25728424702527986,0.9972289676583088,6,high_schmid,62.74857588229563
60,0.6548285072544974,0.6161347551220593,0.7184301705294845,8,zero_schmid,67.83221218928394
61,0.06280093954412236,0.7733151818027489,0.14715149651844694,1,high_schmid,32.467981258008734
62,0.908402056699045,0.20487782625672757,0.985484511787655,4,high_schmid,171.19761049002165
63,0.580481782041081,0.6215339720454773,0.49077310690107,1,high_schmid,131.88962299206008
64,0.6693609212818127,0.8708076496974984,0.12743804034059758,9,high_schmid,172.80202277970486
65,0.30457767126877466,0.826217586783091,0.6368476338527083,3,high_schmid,149.244856465657
66,0.23401397262737234,0.9030601357302634,0.60857596631232,9,high_schmid,24.512272109844147
67,0.20644670429194112,0.6968584102016645,0.9888258140919984,3,high_schmid,86.12025185682126
68,0.898893525744743,0.55122567813853,0.5632225284306609,7,high_schmid,25.995145892571976
69,0.8939421373715328,0.8986452616454983,0.629593517689182,2,zero_schmid,43.092701092974906
70,0.3233657548918949,0.4752159503026758,0.5669014660690814,6,high_schmid,50.81463159218883
71,0.24814799135194499,0.5940034096795953,0.8516782532882476,2,zero_schmid,84.08544497349985
72,0.830021662992355,0.8668633977675545,0.27787607953429627,0,high_schmid,99.02354779690145
73,0.9396810888546325,0.0361446468031299,0.11007173180078167,3,high_schmid,3.479620055884207
74,0.671116266070574,0.9927715585182953,0.6353029392866739,5,zero_schmid,97.88819524204135
75,0.76703344485846,0.9546644469975125,0.8829286649363366,1,high_schmid,24.08508844106744
76,0.39774360274325704,0.7535779809480534,0.1637129360562669,4,high_schmid,55.253115915856235
77,0.6791717249696294,0.2143725661591802,0.5434077679882829,10,high_schmid,74.46316864188537
78,0.9467465589772514,0.35462917582656517,0.2872725606131078,2,zero_schmid,109.03495897602207
79,0.6114733735269984,0.9379516810154852,0.3712875632019814,4,high_schmid,96.21575255095644
80,0.1319831277858351,0.9837139136338068,0.9055935792116125,5,zero_schmid,165.26697735432964
81,0.9382795424464523,0.34821651156760514,0.018021437888040226,4,high_schmid,100.85985754541018
82,0.9837624441255377,0.5183663680160787,0.5817936221043248,11,zero_schmid,175.0948618744922
83,0.4510825631389469,0.16097573121961184,0.47352491044187917,8,zero_schmid,79.29645967042802
84,0.7428997286314383,0.2679663068604998,0.7648822493279174,6,high_schmid,170.71659174680536
85,0.21059281027977672,0.2085374214186464,0.4750110118789296,10,high_schmid,95.05084187360559
86,0.7284101119617766,0.8660523234935162,0.9130632935769958,7,high_schmid,149.62765536942544
87,0.7458025596811348,0.46614388218123637,0.2448124741853025,3,high_schmid,98.70769750176477
88,0.7466280786773825,0.642999547551627,0.700617926202413,7,high_schmid,105.60075792595396
89,0.6348178703229705,0.10303644844046722,0.21719852085673919,3,high_schmid,32.123850586735635
90,0.021511813351472564,0.15887889559441637,0.18029125961322523,9,high_schmid,54.59321193279323
91,0.3825239253257354,0.9314849855246125,0.8290612258975107,1,high_schmid,74.52024824621498
92,0.6861482851236577,0.044160233069169275,0.6865178910150236,8,zero_schmid,155.04658827302626
93,0.6484772475858245,0.1815541026965184,0.23950082904736503,2,zero_schmid,172.43611922944947
94,0.29786412528661,0.40458544323366363,0.7857536410227746,10,high_schmid,167.58356367054438
95,0.04680141205864763,0.008144678889721146,0.4707855333355274,7,high_schmid,55.294871241979095
96,0.1750189671137643,0.9781131883375436,0.15599188072910253,11,zero_schmid,4.576148849196091
97,0.8919990449161291,0.17439133951102992,0.40659276130411404,2,zero_schmid,36.747488752468385
98,0.5580373565190395,0.9427249543031904,0.42132396841733577,6,high_schmid,130.64803639818027
99,0.831337286961834,0.426815485901477,0.7619876171928016,6,high_schmid,52.30722821342025
100,0.43502498914533194,0.8006736268253052,0.5577098204098715,3,high_schmid,83.52413846098062
101,0.14433407414323796,0.7832343030442688,0.2725619893636617,4,high_schmid,107.8489864676847
102,0.4563841651211309,0.464656126533354,0.7067743870958062,0,high_schmid,88.16670390816714
103,0.7091135986477003,0.3699865419343099,0.032815386325923956,0,high_schmid,129.83894850880884
104,0.4248415651180871,0.9733207154298746,0.3392925653929617,6,high_schmid,36.09693061601519
105,0.6695075739560057,0.45334200498735033,0.22446525879101697,8,zero_schmid,101.78868446306318
106,0.857730339727113,0.07922145815908155,0.541224568186594,9,high_schmid,141.30440780716145
107,0.8396688695975039,0.30217019722395366,0.921186960735325,4,high_schmid,61.575110355495795
108,0.8136452278894362,0.40016165156951,0.8823501583160471,6,high_schmid,161.86429205667397
109,0.5448342179220872,0.13879204800580014,0.2602138589269767,11,zero_schmid,132.72218640613963
110,0.8305414609133074,0.9147969957493761,0.1128583770411421,9,high_schmid,167.02411243563802
111,0.3907725218037066,0.3601209729321496,0.738199315933312,0,high_schmid,90.70139489774036
112,0.14230972873250802,0.8679274046064482,0.5818009853598411,0,high_schmid,1.1817766081363823
113,0.1370019728033406,0.9670231921022444,0.07736170109375795,10,high_schmid,125.6852927914911
114,0.5742057236557286,0.11473269837051348,0.16317505763317475,10,high_schmid,65.85418473390898
115,0.9252987651141197,0.07026871535815582,0.6294371349557095,5,zero_schmid,146.66835900981135
116,0.8075114324262982,0.23403786231032975,0.26157735242404667,10,high_schmid,26.85002964859524
117,0.5861573908348093,0.6921426140956862,0.3984638853698337,3,high_schmid,67.17238002826959
118,0.6023314569678943,0.8915765980125832,0.8375536250495725,5,zero_schmid,102.43832702755745
119,0.0771916779236419,0.674647926014463,0.19849848581583185,11,zero_schmid,81.16860671306668
120,0.7240907156958705,0.46124971912251767,0.21515307173005616,10,high_schmid,85.2165162194142
121,0.8143261284880493,0.6127848084843995,0.7214062415258995,1,high_schmid,38.544784068730436
122,0.39000689091496377,0.20656661004277987,0.19884234387514832,2,zero_schmid,176.44904583898776
123,0.6282561123039545,0.13685463733454606,0.303810850806258,3,high_schmid,7.645657479282142
124,0.009963931178262442,0.2177527324893409,0.20087534466771773,3,high_schmid,83.51156099355009
125,0.6981569840483444,0.050292631557091405,0.22144701133041977,6,high_schmid,173.47093645883945
126,0.5199868462241652,0.3847387564224355,0.49181363943735323,9,high_schmid,128.32393171871388
127,0.9953487425391477,0.7278793513036272,0.24126660868301653,9,high_schmid,110.70007779373164
